wave,flux,error
3420.660,2.336e-08,2.421e-09
3424.909,1.105e-08,1.132e-09
3429.159,4.753e-09,6.045e-10
3433.409,2.966e-09,3.767e-10
3437.659,2.111e-09,2.705e-10
3441.909,2.266e-09,2.258e-10
3446.160,1.934e-09,2.152e-10
3450.411,2.216e-09,2.098e-10
3454.663,1.560e-09,1.969e-10
3458.915,2.249e-09,1.922e-10
3463.167,1.495e-09,1.775e-10
3467.420,1.716e-09,1.634e-10
3471.673,1.249e-09,1.443e-10
3475.926,7.312e-10,1.226e-10
3480.180,1.191e-09,1.085e-10
3484.434,1.126e-09,1.028e-10
3488.688,5.245e-10,1.036e-10
3492.943,1.198e-09,1.157e-10
3497.198,1.127e-09,1.262e-10
3501.454,1.876e-09,1.348e-10
3505.709,1.198e-09,1.311e-10
3509.965,1.398e-09,1.261e-10
3514.222,9.400e-10,1.125e-10
3518.479,8.433e-10,9.666e-11
3522.736,5.404e-10,7.952e-11
3526.993,6.916e-10,6.461e-11
3531.251,6.686e-10,5.441e-11
3535.509,6.461e-10,4.822e-11
3539.768,5.087e-10,4.388e-11
3544.027,5.208e-10,4.227e-11
3548.286,4.653e-10,3.938e-11
3552.546,4.826e-10,3.765e-11
3556.806,4.096e-10,3.529e-11
3561.066,4.535e-10,3.382e-11
3565.326,3.874e-10,3.202e-11
3569.587,4.668e-10,3.070e-11
3573.849,3.236e-10,2.896e-11
3578.110,3.415e-10,2.735e-11
3582.372,3.318e-10,2.569e-11
3586.635,3.143e-10,2.418e-11
3590.897,2.874e-10,2.243e-11
3595.160,2.687e-10,2.109e-11
3599.423,2.342e-10,1.929e-11
3603.687,2.945e-10,1.790e-11
3607.951,2.676e-10,1.645e-11
3612.215,2.401e-10,1.514e-11
3616.480,2.223e-10,1.386e-11
3620.745,2.202e-10,1.293e-11
3625.010,2.039e-10,1.215e-11
3629.276,2.284e-10,1.142e-11
3633.542,1.905e-10,1.086e-11
3637.809,1.854e-10,1.041e-11
3642.075,2.088e-10,9.826e-12
3646.342,1.927e-10,9.280e-12
3650.610,1.734e-10,8.391e-12
3654.877,1.754e-10,7.801e-12
3659.145,1.686e-10,7.206e-12
3663.414,1.780e-10,6.833e-12
3667.682,1.736e-10,6.313e-12
3671.951,1.665e-10,5.966e-12
3676.221,1.550e-10,5.614e-12
3680.490,1.449e-10,5.371e-12
3684.760,1.525e-10,5.130e-12
3689.031,1.472e-10,4.882e-12
3693.301,1.492e-10,4.533e-12
3697.572,1.454e-10,4.247e-12
3701.844,1.374e-10,3.808e-12
3706.115,1.323e-10,3.562e-12
3710.387,1.306e-10,3.306e-12
3714.660,1.161e-10,3.101e-12
3718.932,1.175e-10,2.970e-12
3723.205,1.191e-10,2.852e-12
3727.479,1.154e-10,2.695e-12
3731.752,1.109e-10,2.590e-12
3736.026,1.089e-10,2.443e-12
3740.301,1.006e-10,2.307e-12
3744.575,1.090e-10,2.208e-12
3748.850,1.084e-10,2.109e-12
3753.125,1.038e-10,1.972e-12
3757.401,1.055e-10,1.888e-12
3761.677,1.052e-10,1.830e-12
3765.953,1.105e-10,1.800e-12
3770.230,1.116e-10,1.728e-12
3774.507,1.106e-10,1.656e-12
3778.784,1.030e-10,1.526e-12
3783.061,1.055e-10,1.451e-12
3787.339,1.090e-10,1.388e-12
3791.617,1.075e-10,1.326e-12
3795.896,1.089e-10,1.307e-12
3800.175,1.043e-10,1.269e-12
3804.454,9.903e-11,1.214e-12
3808.733,9.406e-11,1.168e-12
3813.013,9.582e-11,1.139e-12
3817.293,9.282e-11,1.086e-12
3821.574,8.876e-11,1.036e-12
3825.854,8.429e-11,9.558e-13
3830.135,7.695e-11,8.716e-13
3834.417,7.540e-11,8.237e-13
3838.698,7.277e-11,7.936e-13
3842.980,7.715e-11,8.022e-13
3847.263,8.012e-11,8.149e-13
3851.545,8.049e-11,8.049e-13
3855.828,8.518e-11,7.957e-13
3860.112,8.618e-11,7.732e-13
3864.395,8.497e-11,7.331e-13
3868.679,8.381e-11,7.000e-13
3872.963,8.214e-11,6.731e-13
3877.248,8.246e-11,6.555e-13
3881.533,8.413e-11,6.414e-13
3885.818,8.455e-11,6.333e-13
3890.103,8.920e-11,6.351e-13
3894.389,9.258e-11,6.346e-13
3898.675,9.730e-11,6.382e-13
3902.962,9.991e-11,6.359e-13
3907.249,1.029e-10,6.311e-13
3911.536,1.027e-10,6.179e-13
3915.823,9.603e-11,5.879e-13
3920.111,9.100e-11,5.616e-13
3924.399,8.733e-11,5.363e-13
3928.687,8.141e-11,5.091e-13
3932.975,7.915e-11,4.902e-13
3937.264,7.673e-11,4.743e-13
3941.554,7.628e-11,4.624e-13
3945.843,7.553e-11,4.516e-13
3950.133,8.102e-11,4.554e-13
3954.423,8.564e-11,4.588e-13
3958.713,8.819e-11,4.568e-13
3963.004,9.003e-11,4.552e-13
3967.295,8.995e-11,4.485e-13
3971.587,9.184e-11,4.484e-13
3975.878,9.431e-11,4.476e-13
3980.170,1.008e-10,4.560e-13
3984.463,1.155e-10,4.796e-13
3988.755,1.290e-10,4.993e-13
3993.048,1.398e-10,5.132e-13
3997.341,1.474e-10,5.208e-13
4001.635,1.524e-10,5.231e-13
4005.929,1.553e-10,5.218e-13
4010.223,1.572e-10,5.191e-13
4014.517,1.625e-10,5.224e-13
4018.812,1.636e-10,5.189e-13
4023.107,1.657e-10,5.170e-13
4027.402,1.692e-10,5.163e-13
4031.698,1.678e-10,5.094e-13
4035.994,1.674e-10,5.037e-13
4040.290,1.675e-10,4.991e-13
4044.586,1.690e-10,4.967e-13
4048.883,1.686e-10,4.915e-13
4053.180,1.690e-10,4.870e-13
4057.478,1.711e-10,4.852e-13
4061.775,1.677e-10,4.765e-13
4066.073,1.689e-10,4.734e-13
4070.372,1.710e-10,4.717e-13
4074.670,1.725e-10,4.693e-13
4078.969,1.784e-10,4.724e-13
4083.268,1.812e-10,4.719e-13
4087.568,1.833e-10,4.701e-13
4091.868,1.840e-10,4.667e-13
4096.168,1.852e-10,4.639e-13
4100.468,1.836e-10,4.580e-13
4104.769,1.823e-10,4.521e-13
4109.070,1.837e-10,4.498e-13
4113.371,1.893e-10,4.525e-13
4117.673,1.984e-10,4.590e-13
4121.975,2.020e-10,4.590e-13
4126.277,2.004e-10,4.532e-13
4130.579,2.015e-10,4.507e-13
4134.882,1.998e-10,4.450e-13
4139.185,1.992e-10,4.405e-13
4143.488,2.019e-10,4.399e-13
4147.792,2.024e-10,4.366e-13
4152.096,2.029e-10,4.337e-13
4156.400,2.042e-10,4.315e-13
4160.704,2.060e-10,4.298e-13
4165.009,2.070e-10,4.273e-13
4169.314,2.060e-10,4.228e-13
4173.620,2.043e-10,4.180e-13
4177.925,1.998e-10,4.099e-13
4182.231,2.000e-10,4.069e-13
4186.537,1.995e-10,4.036e-13
4190.844,1.999e-10,4.006e-13
4195.151,2.008e-10,3.985e-13
4199.458,2.027e-10,3.975e-13
4203.765,2.030e-10,3.947e-13
4208.073,2.063e-10,3.948e-13
4212.381,2.102e-10,3.956e-13
4216.689,2.113e-10,3.935e-13
4220.997,2.081e-10,3.875e-13
4225.306,2.016e-10,3.788e-13
4229.615,1.976e-10,3.725e-13
4233.925,1.995e-10,3.716e-13
4238.234,2.031e-10,3.721e-13
4242.544,2.050e-10,3.713e-13
4246.854,2.061e-10,3.697e-13
4251.165,2.044e-10,3.657e-13
4255.476,2.037e-10,3.623e-13
4259.787,2.018e-10,3.584e-13
4264.098,2.016e-10,3.554e-13
4268.409,2.005e-10,3.523e-13
4272.721,1.981e-10,3.479e-13
4277.034,1.954e-10,3.434e-13
4281.346,1.950e-10,3.407e-13
4285.659,1.936e-10,3.372e-13
4289.972,1.888e-10,3.307e-13
4294.285,1.808e-10,3.220e-13
4298.599,1.695e-10,3.097e-13
4302.912,1.605e-10,2.998e-13
4307.227,1.606e-10,2.980e-13
4311.541,1.715e-10,3.059e-13
4315.856,1.919e-10,3.211e-13
4320.171,2.330e-10,3.511e-13
4324.486,2.458e-10,3.585e-13
4328.801,2.410e-10,3.527e-13
4333.117,2.405e-10,3.504e-13
4337.433,2.381e-10,3.465e-13
4341.749,2.317e-10,3.401e-13
4346.066,2.345e-10,3.399e-13
4350.383,2.509e-10,3.494e-13
4354.700,2.583e-10,3.524e-13
4359.017,2.685e-10,3.574e-13
4363.335,2.711e-10,3.570e-13
4367.653,2.735e-10,3.563e-13
4371.971,2.662e-10,3.499e-13
4376.290,2.595e-10,3.437e-13
4380.609,2.490e-10,3.350e-13
4384.928,2.442e-10,3.299e-13
4389.247,2.458e-10,3.293e-13
4393.566,2.532e-10,3.324e-13
4397.886,2.604e-10,3.352e-13
4402.206,2.675e-10,3.381e-13
4406.527,2.673e-10,3.362e-13
4410.847,2.760e-10,3.399e-13
4415.168,2.809e-10,3.413e-13
4419.490,2.895e-10,3.447e-13
4423.811,2.932e-10,3.450e-13
4428.133,2.918e-10,3.425e-13
4432.455,2.896e-10,3.397e-13
4436.777,2.891e-10,3.379e-13
4441.100,2.884e-10,3.358e-13
4445.422,2.898e-10,3.350e-13
4449.745,2.874e-10,3.322e-13
4454.069,2.822e-10,3.278e-13
4458.392,2.764e-10,3.230e-13
4462.716,2.790e-10,3.232e-13
4467.040,2.881e-10,3.268e-13
4471.365,2.977e-10,3.308e-13
4475.689,3.001e-10,3.307e-13
4480.014,3.010e-10,3.298e-13
4484.339,3.001e-10,3.280e-13
4488.665,3.016e-10,3.274e-13
4492.990,3.023e-10,3.266e-13
4497.316,3.062e-10,3.273e-13
4501.643,3.181e-10,3.322e-13
4505.969,3.197e-10,3.318e-13
4510.296,3.153e-10,3.283e-13
4514.623,3.118e-10,3.252e-13
4518.950,3.095e-10,3.228e-13
4523.278,3.027e-10,3.181e-13
4527.605,2.976e-10,3.142e-13
4531.933,2.905e-10,3.094e-13
4536.262,2.975e-10,3.121e-13
4540.590,3.039e-10,3.143e-13
4544.919,3.077e-10,3.151e-13
4549.248,3.063e-10,3.135e-13
4553.577,3.083e-10,3.133e-13
4557.907,3.155e-10,3.158e-13
4562.237,3.167e-10,3.155e-13
4566.567,3.201e-10,3.160e-13
4570.897,3.209e-10,3.154e-13
4575.228,3.204e-10,3.141e-13
4579.558,3.162e-10,3.111e-13
4583.890,3.153e-10,3.097e-13
4588.221,3.140e-10,3.080e-13
4592.553,3.159e-10,3.081e-13
4596.884,3.174e-10,3.078e-13
4601.216,3.207e-10,3.084e-13
4605.549,3.236e-10,3.088e-13
4609.881,3.291e-10,3.104e-13
4614.214,3.313e-10,3.105e-13
4618.547,3.332e-10,3.104e-13
4622.881,3.322e-10,3.091e-13
4627.214,3.309e-10,3.075e-13
4631.548,3.305e-10,3.064e-13
4635.882,3.267e-10,3.037e-13
4640.217,3.273e-10,3.031e-13
4644.551,3.222e-10,2.999e-13
4648.886,3.227e-10,2.991e-13
4653.221,3.242e-10,2.990e-13
4657.556,3.290e-10,3.003e-13
4661.892,3.266e-10,2.985e-13
4666.228,3.198e-10,2.945e-13
4670.564,3.201e-10,2.938e-13
4674.900,3.257e-10,2.955e-13
4679.237,3.270e-10,2.953e-13
4683.574,3.297e-10,2.956e-13
4687.911,3.289e-10,2.945e-13
4692.248,3.290e-10,2.937e-13
4696.586,3.246e-10,2.909e-13
4700.923,3.216e-10,2.887e-13
4705.261,3.202e-10,2.874e-13
4709.600,3.263e-10,2.894e-13
4713.938,3.328e-10,2.914e-13
4718.277,3.384e-10,2.930e-13
4722.616,3.387e-10,2.924e-13
4726.955,3.367e-10,2.908e-13
4731.295,3.343e-10,2.890e-13
4735.634,3.345e-10,2.884e-13
4739.974,3.386e-10,2.894e-13
4744.315,3.412e-10,2.898e-13
4748.655,3.411e-10,2.889e-13
4752.996,3.382e-10,2.870e-13
4757.337,3.342e-10,2.846e-13
4761.678,3.356e-10,2.844e-13
4766.019,3.356e-10,2.838e-13
4770.361,3.415e-10,2.856e-13
4774.703,3.471e-10,2.873e-13
4779.045,3.488e-10,2.873e-13
4783.387,3.475e-10,2.860e-13
4787.730,3.437e-10,2.838e-13
4792.073,3.456e-10,2.839e-13
4796.416,3.491e-10,2.847e-13
4800.759,3.483e-10,2.836e-13
4805.102,3.487e-10,2.832e-13
4809.446,3.488e-10,2.826e-13
4813.790,3.534e-10,2.838e-13
4818.134,3.515e-10,2.824e-13
4822.479,3.518e-10,2.820e-13
4826.823,3.479e-10,2.798e-13
4831.168,3.467e-10,2.787e-13
4835.514,3.432e-10,2.767e-13
4839.859,3.379e-10,2.740e-13
4844.205,3.324e-10,2.712e-13
4848.550,3.244e-10,2.673e-13
4852.896,3.080e-10,2.600e-13
4857.243,2.934e-10,2.532e-13
4861.589,2.883e-10,2.505e-13
4865.936,2.981e-10,2.543e-13
4870.283,3.122e-10,2.597e-13
4874.630,3.225e-10,2.634e-13
4878.978,3.264e-10,2.644e-13
4883.325,3.278e-10,2.644e-13
4887.673,3.278e-10,2.639e-13
4892.021,3.325e-10,2.653e-13
4896.370,3.410e-10,2.682e-13
4900.718,3.452e-10,2.693e-13
4905.067,3.407e-10,2.670e-13
4909.416,3.344e-10,2.641e-13
4913.765,3.293e-10,2.616e-13
4918.115,3.267e-10,2.601e-13
4922.465,3.286e-10,2.604e-13
4926.815,3.357e-10,2.627e-13
4931.165,3.392e-10,2.636e-13
4935.515,3.400e-10,2.634e-13
4939.866,3.405e-10,2.632e-13
4944.217,3.474e-10,2.653e-13
4948.568,3.475e-10,2.650e-13
4952.919,3.462e-10,2.640e-13
4957.270,3.437e-10,2.626e-13
4961.622,3.476e-10,2.637e-13
4965.974,3.511e-10,2.646e-13
4970.326,3.509e-10,2.642e-13
4974.678,3.480e-10,2.626e-13
4979.031,3.426e-10,2.602e-13
4983.384,3.403e-10,2.589e-13
4987.737,3.451e-10,2.603e-13
4992.090,3.471e-10,2.606e-13
4996.444,3.455e-10,2.597e-13
5000.797,3.396e-10,2.571e-13
5005.151,3.361e-10,2.554e-13
5009.505,3.350e-10,2.546e-13
5013.860,3.344e-10,2.541e-13
5018.214,3.372e-10,2.547e-13
5022.569,3.433e-10,2.566e-13
5026.924,3.475e-10,2.577e-13
5031.279,3.485e-10,2.578e-13
5035.635,3.444e-10,2.559e-13
5039.990,3.439e-10,2.553e-13
5044.346,3.494e-10,2.570e-13
5048.702,3.545e-10,2.584e-13
5053.058,3.584e-10,2.595e-13
5057.415,3.632e-10,2.608e-13
5061.772,3.614e-10,2.598e-13
5066.128,3.572e-10,2.579e-13
5070.486,3.528e-10,2.558e-13
5074.843,3.515e-10,2.551e-13
5079.200,3.503e-10,2.542e-13
5083.558,3.541e-10,2.552e-13
5087.916,3.582e-10,2.563e-13
5092.274,3.612e-10,2.570e-13
5096.633,3.548e-10,2.544e-13
5100.991,3.558e-10,2.544e-13
5105.350,3.575e-10,2.546e-13
5109.709,3.610e-10,2.555e-13
5114.068,3.635e-10,2.560e-13
5118.428,3.617e-10,2.550e-13
5122.787,3.579e-10,2.533e-13
5127.147,3.535e-10,2.514e-13
5131.507,3.522e-10,2.505e-13
5135.867,3.506e-10,2.495e-13
5140.228,3.504e-10,2.492e-13
5144.589,3.525e-10,2.495e-13
5148.949,3.527e-10,2.492e-13
5153.310,3.526e-10,2.488e-13
5157.672,3.446e-10,2.457e-13
5162.033,3.298e-10,2.400e-13
5166.395,3.165e-10,2.348e-13
5170.757,3.138e-10,2.334e-13
5175.119,3.221e-10,2.361e-13
5179.481,3.278e-10,2.378e-13
5183.844,3.317e-10,2.389e-13
5188.206,3.361e-10,2.401e-13
5192.569,3.465e-10,2.435e-13
5196.932,3.529e-10,2.453e-13
5201.296,3.547e-10,2.456e-13
5205.659,3.552e-10,2.454e-13
5210.023,3.572e-10,2.457e-13
5214.387,3.590e-10,2.459e-13
5218.751,3.585e-10,2.454e-13
5223.115,3.558e-10,2.442e-13
5227.480,3.541e-10,2.434e-13
5231.844,3.594e-10,2.448e-13
5236.209,3.664e-10,2.468e-13
5240.574,3.696e-10,2.476e-13
5244.939,3.714e-10,2.479e-13
5249.305,3.676e-10,2.463e-13
5253.671,3.617e-10,2.441e-13
5258.037,3.545e-10,2.413e-13
5262.403,3.429e-10,2.371e-13
5266.769,3.385e-10,2.353e-13
5271.135,3.443e-10,2.371e-13
5275.502,3.564e-10,2.409e-13
5279.869,3.673e-10,2.443e-13
5284.236,3.737e-10,2.461e-13
5288.603,3.757e-10,2.465e-13
5292.970,3.755e-10,2.462e-13
5297.338,3.751e-10,2.459e-13
5301.706,3.773e-10,2.463e-13
5306.074,3.795e-10,2.468e-13
5310.442,3.821e-10,2.475e-13
5314.810,3.761e-10,2.453e-13
5319.179,3.680e-10,2.425e-13
5323.548,3.616e-10,2.401e-13
5327.917,3.601e-10,2.394e-13
5332.286,3.651e-10,2.409e-13
5336.655,3.691e-10,2.420e-13
5341.025,3.711e-10,2.425e-13
5345.394,3.740e-10,2.433e-13
5349.764,3.785e-10,2.446e-13
5354.134,3.790e-10,2.446e-13
5358.505,3.779e-10,2.441e-13
5362.875,3.723e-10,2.422e-13
5367.246,3.663e-10,2.401e-13
5371.616,3.678e-10,2.404e-13
5375.988,3.694e-10,2.408e-13
5380.359,3.700e-10,2.409e-13
5384.730,3.663e-10,2.396e-13
5389.102,3.627e-10,2.383e-13
5393.473,3.567e-10,2.362e-13
5397.845,3.520e-10,2.346e-13
5402.217,3.494e-10,2.336e-13
5406.590,3.478e-10,2.330e-13
5410.962,3.503e-10,2.337e-13
5415.335,3.526e-10,2.344e-13
5419.708,3.542e-10,2.349e-13
5424.081,3.514e-10,2.338e-13
5428.454,3.526e-10,2.341e-13
5432.827,3.553e-10,2.349e-13
5437.201,3.599e-10,2.363e-13
5441.575,3.669e-10,2.384e-13
5445.949,3.693e-10,2.390e-13
5450.323,3.739e-10,2.404e-13
5454.697,3.774e-10,2.413e-13
5459.071,3.791e-10,2.417e-13
5463.446,3.798e-10,2.417e-13
5467.821,3.803e-10,2.417e-13
5472.196,3.791e-10,2.411e-13
5476.571,3.790e-10,2.409e-13
5480.946,3.804e-10,2.410e-13
5485.322,3.837e-10,2.419e-13
5489.698,3.858e-10,2.423e-13
5494.074,3.853e-10,2.418e-13
5498.450,3.843e-10,2.413e-13
5502.826,3.832e-10,2.406e-13
5507.202,3.827e-10,2.402e-13
5511.579,3.849e-10,2.405e-13
5515.956,3.849e-10,2.403e-13
5520.332,3.838e-10,2.397e-13
5524.710,3.821e-10,2.388e-13
5529.087,3.816e-10,2.383e-13
5533.464,3.832e-10,2.385e-13
5537.842,3.858e-10,2.390e-13
5542.220,3.876e-10,2.393e-13
5546.598,3.878e-10,2.391e-13
5550.976,3.868e-10,2.386e-13
5555.354,3.847e-10,2.376e-13
5559.733,3.823e-10,2.367e-13
5564.111,3.790e-10,2.354e-13
5568.490,3.776e-10,2.349e-13
5572.869,3.770e-10,2.344e-13
5577.248,3.766e-10,2.341e-13
5581.627,3.743e-10,2.333e-13
5586.007,3.710e-10,2.321e-13
5590.387,3.695e-10,2.315e-13
5594.766,3.725e-10,2.323e-13
5599.146,3.776e-10,2.338e-13
5603.527,3.803e-10,2.345e-13
5607.907,3.823e-10,2.351e-13
5612.287,3.820e-10,2.349e-13
5616.668,3.804e-10,2.344e-13
5621.049,3.828e-10,2.351e-13
5625.430,3.853e-10,2.358e-13
5629.811,3.859e-10,2.359e-13
5634.192,3.861e-10,2.360e-13
5638.574,3.864e-10,2.361e-13
5642.955,3.850e-10,2.355e-13
5647.337,3.831e-10,2.350e-13
5651.719,3.816e-10,2.344e-13
5656.101,3.805e-10,2.341e-13
5660.483,3.812e-10,2.342e-13
5664.866,3.838e-10,2.350e-13
5669.248,3.868e-10,2.359e-13
5673.631,3.871e-10,2.359e-13
5678.014,3.847e-10,2.351e-13
5682.397,3.840e-10,2.349e-13
5686.780,3.818e-10,2.342e-13
5691.164,3.820e-10,2.342e-13
5695.547,3.814e-10,2.340e-13
5699.931,3.772e-10,2.327e-13
5704.315,3.750e-10,2.319e-13
5708.699,3.742e-10,2.316e-13
5713.083,3.763e-10,2.323e-13
5717.467,3.831e-10,2.343e-13
5721.852,3.874e-10,2.355e-13
5726.237,3.886e-10,2.359e-13
5730.621,3.897e-10,2.361e-13
5735.006,3.880e-10,2.356e-13
5739.392,3.862e-10,2.350e-13
5743.777,3.853e-10,2.347e-13
5748.162,3.802e-10,2.331e-13
5752.548,3.778e-10,2.324e-13
5756.934,3.777e-10,2.323e-13
5761.319,3.785e-10,2.325e-13
5765.705,3.797e-10,2.327e-13
5770.092,3.814e-10,2.333e-13
5774.478,3.795e-10,2.326e-13
5778.864,3.785e-10,2.323e-13
5783.251,3.774e-10,2.319e-13
5787.638,3.793e-10,2.324e-13
5792.025,3.823e-10,2.333e-13
5796.412,3.863e-10,2.345e-13
5800.799,3.905e-10,2.356e-13
5805.187,3.915e-10,2.359e-13
5809.574,3.931e-10,2.364e-13
5813.962,3.955e-10,2.371e-13
5818.350,3.966e-10,2.373e-13
5822.738,3.984e-10,2.379e-13
5827.126,4.014e-10,2.387e-13
5831.514,4.019e-10,2.387e-13
5835.902,4.024e-10,2.389e-13
5840.291,4.010e-10,2.384e-13
5844.680,3.987e-10,2.377e-13
5849.069,3.967e-10,2.371e-13
5853.458,3.919e-10,2.356e-13
5857.847,3.918e-10,2.355e-13
5862.236,3.926e-10,2.358e-13
5866.626,3.971e-10,2.370e-13
5871.015,3.997e-10,2.378e-13
5875.405,3.990e-10,2.376e-13
5879.795,3.929e-10,2.357e-13
5884.185,3.831e-10,2.328e-13
5888.575,3.736e-10,2.299e-13
5892.965,3.701e-10,2.288e-13
5897.356,3.736e-10,2.299e-13
5901.746,3.818e-10,2.323e-13
5906.137,3.908e-10,2.351e-13
5910.528,3.938e-10,2.360e-13
5914.919,3.936e-10,2.359e-13
5919.310,3.931e-10,2.358e-13
5923.701,3.930e-10,2.357e-13
5928.093,3.923e-10,2.355e-13
5932.484,3.919e-10,2.354e-13
5936.876,3.913e-10,2.353e-13
5941.268,3.887e-10,2.345e-13
5945.660,3.871e-10,2.341e-13
5950.052,3.856e-10,2.336e-13
5954.444,3.855e-10,2.336e-13
5958.836,3.862e-10,2.338e-13
5963.229,3.892e-10,2.348e-13
5967.622,3.889e-10,2.347e-13
5972.014,3.875e-10,2.344e-13
5976.407,3.863e-10,2.340e-13
5980.800,3.848e-10,2.336e-13
5985.193,3.832e-10,2.332e-13
5989.587,3.838e-10,2.335e-13
5993.980,3.847e-10,2.338e-13
5998.374,3.847e-10,2.338e-13
6002.768,3.828e-10,2.333e-13
6007.161,3.826e-10,2.333e-13
6011.555,3.812e-10,2.329e-13
6015.949,3.799e-10,2.326e-13
6020.344,3.809e-10,2.330e-13
6024.738,3.834e-10,2.338e-13
6029.133,3.854e-10,2.344e-13
6033.527,3.899e-10,2.359e-13
6037.922,3.900e-10,2.360e-13
6042.317,3.907e-10,2.363e-13
6046.712,3.900e-10,2.362e-13
6051.107,3.898e-10,2.362e-13
6055.502,3.894e-10,2.361e-13
6059.898,3.865e-10,2.352e-13
6064.293,3.862e-10,2.352e-13
6068.689,3.859e-10,2.352e-13
6073.085,3.852e-10,2.350e-13
6077.481,3.841e-10,2.347e-13
6081.877,3.803e-10,2.336e-13
6086.273,3.793e-10,2.333e-13
6090.669,3.782e-10,2.330e-13
6095.065,3.757e-10,2.322e-13
6099.462,3.745e-10,2.319e-13
6103.859,3.731e-10,2.314e-13
6108.255,3.717e-10,2.310e-13
6112.652,3.694e-10,2.303e-13
6117.049,3.679e-10,2.299e-13
6121.447,3.626e-10,2.282e-13
6125.844,3.570e-10,2.264e-13
6130.241,3.495e-10,2.240e-13
6134.639,3.431e-10,2.219e-13
6139.036,3.379e-10,2.202e-13
6143.434,3.350e-10,2.192e-13
6147.832,3.315e-10,2.181e-13
6152.230,3.282e-10,2.169e-13
6156.628,3.229e-10,2.151e-13
6161.026,3.175e-10,2.133e-13
6165.425,3.125e-10,2.116e-13
6169.823,3.076e-10,2.099e-13
6174.222,3.042e-10,2.087e-13
6178.620,2.985e-10,2.067e-13
6183.019,2.956e-10,2.057e-13
6187.418,2.909e-10,2.041e-13
6191.817,2.898e-10,2.037e-13
6196.216,2.909e-10,2.042e-13
6200.616,2.952e-10,2.056e-13
6205.015,2.987e-10,2.068e-13
6209.415,3.018e-10,2.079e-13
6213.814,3.080e-10,2.101e-13
6218.214,3.115e-10,2.113e-13
6222.614,3.171e-10,2.132e-13
6227.014,3.238e-10,2.155e-13
6231.414,3.299e-10,2.175e-13
6235.814,3.375e-10,2.201e-13
6240.214,3.416e-10,2.215e-13
6244.615,3.461e-10,2.229e-13
6249.015,3.495e-10,2.241e-13
6253.416,3.536e-10,2.254e-13
6257.817,3.576e-10,2.268e-13
6262.218,3.621e-10,2.282e-13
6266.619,3.655e-10,2.294e-13
6271.020,3.648e-10,2.292e-13
6275.421,3.641e-10,2.291e-13
6279.822,3.644e-10,2.292e-13
6284.224,3.641e-10,2.292e-13
6288.625,3.665e-10,2.301e-13
6293.027,3.676e-10,2.305e-13
6297.428,3.686e-10,2.309e-13
6301.830,3.684e-10,2.309e-13
6306.232,3.700e-10,2.314e-13
6310.634,3.704e-10,2.317e-13
6315.036,3.726e-10,2.324e-13
6319.439,3.724e-10,2.324e-13
6323.841,3.742e-10,2.330e-13
6328.244,3.759e-10,2.336e-13
6332.646,3.771e-10,2.341e-13
6337.049,3.781e-10,2.345e-13
6341.452,3.774e-10,2.344e-13
6345.854,3.806e-10,2.354e-13
6350.257,3.811e-10,2.357e-13
6354.661,3.794e-10,2.352e-13
6359.064,3.797e-10,2.353e-13
6363.467,3.788e-10,2.352e-13
6367.870,3.787e-10,2.352e-13
6372.274,3.824e-10,2.364e-13
6376.678,3.839e-10,2.370e-13
6381.081,3.840e-10,2.372e-13
6385.485,3.834e-10,2.370e-13
6389.889,3.812e-10,2.365e-13
6394.293,3.778e-10,2.355e-13
6398.697,3.754e-10,2.348e-13
6403.101,3.746e-10,2.347e-13
6407.506,3.725e-10,2.341e-13
6411.910,3.714e-10,2.339e-13
6416.314,3.694e-10,2.333e-13
6420.719,3.707e-10,2.338e-13
6425.124,3.709e-10,2.340e-13
6429.528,3.690e-10,2.335e-13
6433.933,3.676e-10,2.331e-13
6438.338,3.652e-10,2.325e-13
6442.743,3.645e-10,2.324e-13
6447.149,3.620e-10,2.317e-13
6451.554,3.624e-10,2.319e-13
6455.959,3.616e-10,2.318e-13
6460.365,3.628e-10,2.323e-13
6464.770,3.618e-10,2.320e-13
6469.176,3.619e-10,2.321e-13
6473.581,3.609e-10,2.319e-13
6477.987,3.613e-10,2.321e-13
6482.393,3.608e-10,2.321e-13
6486.799,3.598e-10,2.319e-13
6491.205,3.560e-10,2.307e-13
6495.611,3.538e-10,2.301e-13
6500.018,3.542e-10,2.304e-13
6504.424,3.574e-10,2.315e-13
6508.831,3.620e-10,2.331e-13
6513.237,3.645e-10,2.340e-13
6517.644,3.656e-10,2.345e-13
6522.050,3.653e-10,2.345e-13
6526.457,3.652e-10,2.346e-13
6530.864,3.668e-10,2.352e-13
6535.271,3.659e-10,2.350e-13
6539.678,3.624e-10,2.340e-13
6544.085,3.609e-10,2.337e-13
6548.493,3.563e-10,2.322e-13
6552.900,3.461e-10,2.290e-13
6557.307,3.296e-10,2.236e-13
6561.715,3.146e-10,2.186e-13
6566.122,3.113e-10,2.176e-13
6570.530,3.177e-10,2.199e-13
6574.938,3.317e-10,2.248e-13
6579.346,3.439e-10,2.290e-13
6583.754,3.498e-10,2.311e-13
6588.161,3.508e-10,2.316e-13
6592.570,3.502e-10,2.315e-13
6596.978,3.508e-10,2.317e-13
6601.386,3.506e-10,2.318e-13
6605.794,3.516e-10,2.322e-13
6610.203,3.523e-10,2.326e-13
6614.611,3.518e-10,2.326e-13
6619.020,3.524e-10,2.329e-13
6623.428,3.508e-10,2.326e-13
6627.837,3.480e-10,2.317e-13
6632.246,3.463e-10,2.313e-13
6636.655,3.434e-10,2.304e-13
6641.064,3.424e-10,2.302e-13
6645.473,3.430e-10,2.306e-13
6649.882,3.443e-10,2.311e-13
6654.291,3.440e-10,2.312e-13
6658.700,3.421e-10,2.307e-13
6663.110,3.413e-10,2.305e-13
6667.519,3.404e-10,2.304e-13
6671.929,3.395e-10,2.302e-13
6676.338,3.387e-10,2.301e-13
6680.748,3.387e-10,2.302e-13
6685.158,3.404e-10,2.310e-13
6689.567,3.429e-10,2.319e-13
6693.977,3.444e-10,2.325e-13
6698.387,3.465e-10,2.334e-13
6702.797,3.488e-10,2.344e-13
6707.207,3.503e-10,2.350e-13
6711.617,3.516e-10,2.356e-13
6716.028,3.547e-10,2.368e-13
6720.438,3.546e-10,2.368e-13
6724.848,3.582e-10,2.383e-13
6729.259,3.592e-10,2.387e-13
6733.669,3.630e-10,2.401e-13
6738.080,3.637e-10,2.405e-13
6742.491,3.645e-10,2.409e-13
6746.901,3.657e-10,2.415e-13
6751.312,3.678e-10,2.424e-13
6755.723,3.701e-10,2.433e-13
6760.134,3.739e-10,2.447e-13
6764.545,3.723e-10,2.444e-13
6768.956,3.744e-10,2.453e-13
6773.367,3.740e-10,2.454e-13
6777.778,3.724e-10,2.451e-13
6782.190,3.721e-10,2.451e-13
6786.601,3.709e-10,2.450e-13
6791.012,3.688e-10,2.445e-13
6795.424,3.662e-10,2.438e-13
6799.835,3.654e-10,2.438e-13
6804.247,3.632e-10,2.432e-13
6808.659,3.613e-10,2.427e-13
6813.070,3.610e-10,2.429e-13
6817.482,3.602e-10,2.428e-13
6821.894,3.575e-10,2.421e-13
6826.306,3.549e-10,2.415e-13
6830.718,3.533e-10,2.412e-13
6835.130,3.493e-10,2.400e-13
6839.542,3.491e-10,2.401e-13
6843.954,3.472e-10,2.397e-13
6848.366,3.480e-10,2.402e-13
6852.779,3.487e-10,2.407e-13
6857.191,3.484e-10,2.408e-13
6861.603,3.390e-10,2.378e-13
6866.016,3.118e-10,2.283e-13
6870.428,2.807e-10,2.169e-13
6874.841,2.669e-10,2.117e-13
6879.253,2.747e-10,2.150e-13
6883.666,2.907e-10,2.215e-13
6888.079,2.988e-10,2.247e-13
6892.492,2.989e-10,2.250e-13
6896.905,3.002e-10,2.256e-13
6901.318,3.054e-10,2.278e-13
6905.730,3.141e-10,2.313e-13
6910.144,3.221e-10,2.344e-13
6914.557,3.296e-10,2.374e-13
6918.970,3.354e-10,2.398e-13
6923.383,3.404e-10,2.419e-13
6927.796,3.422e-10,2.428e-13
6932.209,3.446e-10,2.438e-13
6936.623,3.430e-10,2.436e-13
6941.036,3.427e-10,2.437e-13
6945.450,3.402e-10,2.432e-13
6949.863,3.388e-10,2.430e-13
6954.277,3.383e-10,2.430e-13
6958.690,3.371e-10,2.428e-13
6963.104,3.371e-10,2.432e-13
6967.518,3.356e-10,2.429e-13
6971.932,3.340e-10,2.427e-13
6976.345,3.300e-10,2.415e-13
6980.759,3.257e-10,2.403e-13
6985.173,3.231e-10,2.395e-13
6989.587,3.184e-10,2.382e-13
6994.001,3.141e-10,2.368e-13
6998.415,3.083e-10,2.350e-13
7002.829,3.011e-10,2.325e-13
7007.243,2.962e-10,2.309e-13
7011.658,2.907e-10,2.291e-13
7016.072,2.857e-10,2.273e-13
7020.486,2.810e-10,2.259e-13
7024.901,2.792e-10,2.254e-13
7029.315,2.836e-10,2.275e-13
7033.729,2.884e-10,2.297e-13
7038.144,2.923e-10,2.315e-13
7042.558,2.932e-10,2.323e-13
7046.973,2.948e-10,2.332e-13
7051.388,2.968e-10,2.343e-13
7055.802,3.001e-10,2.360e-13
7060.217,3.041e-10,2.378e-13
7064.632,3.045e-10,2.383e-13
7069.046,3.035e-10,2.383e-13
7073.461,3.068e-10,2.399e-13
7077.876,3.100e-10,2.415e-13
7082.291,3.128e-10,2.430e-13
7086.706,3.139e-10,2.437e-13
7091.121,3.174e-10,2.455e-13
7095.536,3.198e-10,2.468e-13
7099.951,3.234e-10,2.485e-13
7104.366,3.240e-10,2.491e-13
7108.781,3.256e-10,2.501e-13
7113.197,3.244e-10,2.500e-13
7117.612,3.221e-10,2.495e-13
7122.027,3.204e-10,2.493e-13
7126.442,3.197e-10,2.494e-13
7130.858,3.192e-10,2.496e-13
7135.273,3.222e-10,2.511e-13
7139.688,3.239e-10,2.522e-13
7144.104,3.231e-10,2.524e-13
7148.519,3.198e-10,2.520e-13
7152.935,3.176e-10,2.523e-13
7157.350,3.127e-10,2.518e-13
7161.766,3.056e-10,2.507e-13
7166.182,2.911e-10,2.468e-13
7170.597,2.766e-10,2.429e-13
7175.013,2.646e-10,2.399e-13
7179.429,2.527e-10,2.364e-13
7183.844,2.360e-10,2.299e-13
7188.260,2.237e-10,2.247e-13
7192.676,2.140e-10,2.201e-13
7197.092,2.055e-10,2.156e-13
7201.508,1.959e-10,2.099e-13
7205.924,1.891e-10,2.053e-13
7210.339,1.893e-10,2.047e-13
7214.755,1.911e-10,2.054e-13
7219.171,1.910e-10,2.055e-13
7223.587,1.901e-10,2.057e-13
7228.004,1.881e-10,2.055e-13
7232.420,1.822e-10,2.036e-13
7236.836,1.712e-10,1.992e-13
7241.252,1.644e-10,1.966e-13
7245.668,1.517e-10,1.899e-13
7250.084,1.373e-10,1.810e-13
7254.500,1.229e-10,1.712e-13
7258.917,1.163e-10,1.667e-13
7263.333,1.161e-10,1.666e-13
7267.749,1.146e-10,1.655e-13
7272.166,1.082e-10,1.611e-13
7276.582,1.057e-10,1.593e-13
7280.998,1.121e-10,1.643e-13
7285.415,1.231e-10,1.725e-13
7289.831,1.291e-10,1.771e-13
7294.247,1.328e-10,1.804e-13
7298.664,1.372e-10,1.847e-13
7303.080,1.484e-10,1.934e-13
7307.497,1.590e-10,2.011e-13
7311.913,1.716e-10,2.094e-13
7316.330,1.812e-10,2.152e-13
7320.747,1.914e-10,2.206e-13
7325.163,1.934e-10,2.208e-13
7329.580,1.967e-10,2.211e-13
7333.996,2.028e-10,2.225e-13
7338.413,2.147e-10,2.282e-13
7342.830,2.249e-10,2.341e-13
7347.246,2.352e-10,2.414e-13
7351.663,2.425e-10,2.481e-13
7356.080,2.494e-10,2.542e-13
7360.497,2.613e-10,2.625e-13
7364.913,2.712e-10,2.691e-13
7369.330,2.768e-10,2.733e-13
7373.747,2.849e-10,2.781e-13
7378.164,2.954e-10,2.835e-13
7382.580,2.991e-10,2.853e-13
7386.997,3.017e-10,2.867e-13
7391.414,3.053e-10,2.888e-13
7395.831,3.144e-10,2.936e-13
7400.248,3.231e-10,2.985e-13
7404.665,3.278e-10,3.016e-13
7409.082,3.317e-10,3.046e-13
7413.499,3.341e-10,3.071e-13
7417.916,3.398e-10,3.112e-13
7422.333,3.467e-10,3.158e-13
7426.749,3.542e-10,3.207e-13
7431.166,3.606e-10,3.249e-13
7435.583,3.677e-10,3.296e-13
7440.000,3.691e-10,3.315e-13
7444.417,3.650e-10,3.310e-13
7448.834,3.620e-10,3.309e-13
7453.251,3.645e-10,3.332e-13
7457.668,3.678e-10,3.358e-13
7462.086,3.687e-10,3.374e-13
7466.503,3.734e-10,3.405e-13
7470.920,3.772e-10,3.433e-13
7475.337,3.818e-10,3.466e-13
7479.754,3.833e-10,3.483e-13
7484.171,3.825e-10,3.491e-13
7488.588,3.832e-10,3.504e-13
7493.005,3.807e-10,3.504e-13
7497.422,3.744e-10,3.485e-13
7501.839,3.736e-10,3.492e-13
7506.256,3.726e-10,3.498e-13
7510.673,3.662e-10,3.477e-13
7515.091,3.663e-10,3.488e-13
7519.508,3.723e-10,3.524e-13
7523.925,3.723e-10,3.535e-13
7528.342,3.732e-10,3.549e-13
7532.759,3.782e-10,3.581e-13
7537.176,3.857e-10,3.627e-13
7541.593,3.875e-10,3.644e-13
7546.011,3.847e-10,3.640e-13
7550.428,3.802e-10,3.629e-13
7554.845,3.771e-10,3.622e-13
7559.262,3.700e-10,3.598e-13
7563.679,3.657e-10,3.585e-13
7568.096,3.644e-10,3.586e-13
7572.513,3.592e-10,3.569e-13
7576.931,3.585e-10,3.574e-13
7581.348,3.558e-10,3.567e-13
7585.765,3.495e-10,3.545e-13
7590.182,3.174e-10,3.386e-13
7594.599,2.268e-10,2.873e-13
7599.016,9.740e-11,1.900e-13
7603.433,4.613e-11,1.328e-13
7607.850,3.963e-11,1.238e-13
7612.268,6.956e-11,1.623e-13
7616.685,1.212e-10,2.131e-13
7621.102,1.558e-10,2.415e-13
7625.519,1.177e-10,2.108e-13
7629.936,1.000e-10,1.950e-13
7634.353,1.032e-10,1.983e-13
7638.770,1.155e-10,2.099e-13
7643.187,1.413e-10,2.321e-13
7647.604,1.721e-10,2.562e-13
7652.021,1.989e-10,2.756e-13
7656.439,2.188e-10,2.893e-13
7660.856,2.365e-10,3.011e-13
7665.273,2.533e-10,3.120e-13
7669.690,2.683e-10,3.214e-13
7674.107,2.858e-10,3.320e-13
7678.524,2.969e-10,3.388e-13
7682.941,3.051e-10,3.439e-13
7687.358,3.093e-10,3.464e-13
7691.775,3.102e-10,3.474e-13
7696.192,3.118e-10,3.488e-13
7700.609,3.148e-10,3.509e-13
7705.026,3.178e-10,3.528e-13
7709.443,3.136e-10,3.507e-13
7713.860,3.072e-10,3.475e-13
7718.276,3.052e-10,3.468e-13
7722.693,3.026e-10,3.454e-13
7727.110,2.974e-10,3.429e-13
7731.527,2.930e-10,3.407e-13
7735.944,2.979e-10,3.437e-13
7740.361,2.974e-10,3.436e-13
7744.778,3.009e-10,3.460e-13
7749.195,2.976e-10,3.443e-13
7753.611,3.003e-10,3.462e-13
7758.028,2.981e-10,3.458e-13
7762.445,2.968e-10,3.459e-13
7766.862,2.921e-10,3.444e-13
7771.278,2.861e-10,3.423e-13
7775.695,2.813e-10,3.412e-13
7780.112,2.783e-10,3.415e-13
7784.529,2.768e-10,3.421e-13
7788.945,2.750e-10,3.409e-13
7793.362,2.655e-10,3.338e-13
7797.778,2.541e-10,3.240e-13
7802.195,2.411e-10,3.137e-13
7806.612,2.326e-10,3.066e-13
7811.028,2.285e-10,3.034e-13
7815.445,2.308e-10,3.049e-13
7819.861,2.289e-10,3.046e-13
7824.278,2.264e-10,3.044e-13
7828.694,2.186e-10,3.014e-13
7833.111,2.073e-10,2.954e-13
7837.527,2.020e-10,2.933e-13
7841.944,2.102e-10,3.005e-13
7846.360,2.222e-10,3.099e-13
7850.776,2.272e-10,3.139e-13
7855.193,2.244e-10,3.121e-13
7859.609,2.244e-10,3.120e-13
7864.025,2.248e-10,3.120e-13
7868.442,2.271e-10,3.134e-13
7872.858,2.273e-10,3.139e-13
7877.274,2.300e-10,3.160e-13
7881.690,2.314e-10,3.175e-13
7886.106,2.329e-10,3.195e-13
7890.523,2.293e-10,3.183e-13
7894.939,2.261e-10,3.175e-13
7899.355,2.293e-10,3.212e-13
7903.771,2.243e-10,3.196e-13
7908.187,2.205e-10,3.191e-13
7912.603,2.179e-10,3.193e-13
7917.019,2.126e-10,3.171e-13
7921.435,2.043e-10,3.124e-13
7925.851,2.002e-10,3.103e-13
7930.267,1.985e-10,3.098e-13
7934.682,1.960e-10,3.083e-13
7939.098,1.911e-10,3.047e-13
7943.514,1.877e-10,3.017e-13
7947.930,1.857e-10,2.995e-13
7952.345,1.818e-10,2.958e-13
7956.761,1.796e-10,2.927e-13
7961.177,1.787e-10,2.912e-13
7965.592,1.762e-10,2.884e-13
7970.008,1.730e-10,2.855e-13
7974.424,1.748e-10,2.866e-13
7978.839,1.771e-10,2.888e-13
7983.255,1.760e-10,2.884e-13
7987.670,1.722e-10,2.858e-13
7992.085,1.673e-10,2.828e-13
7996.501,1.670e-10,2.838e-13
8000.916,1.672e-10,2.854e-13
8005.331,1.758e-10,2.945e-13
8009.747,1.795e-10,2.989e-13
8014.162,1.825e-10,3.024e-13
8018.577,1.916e-10,3.102e-13
8022.992,1.966e-10,3.141e-13
8027.407,2.018e-10,3.178e-13
8031.822,2.045e-10,3.187e-13
8036.237,2.082e-10,3.200e-13
8040.652,2.061e-10,3.170e-13
8045.067,2.121e-10,3.206e-13
8049.482,2.131e-10,3.208e-13
8053.897,2.170e-10,3.240e-13
8058.312,2.179e-10,3.252e-13
8062.727,2.168e-10,3.260e-13
8067.142,2.149e-10,3.263e-13
8071.556,2.112e-10,3.258e-13
8075.971,2.086e-10,3.259e-13
8080.386,2.065e-10,3.258e-13
8084.800,2.103e-10,3.303e-13
8089.215,2.117e-10,3.327e-13
8093.629,2.184e-10,3.388e-13
8098.044,2.235e-10,3.434e-13
8102.458,2.270e-10,3.465e-13
8106.872,2.333e-10,3.513e-13
8111.287,2.348e-10,3.526e-13
8115.701,2.361e-10,3.532e-13
8120.115,2.314e-10,3.495e-13
8124.529,2.273e-10,3.469e-13
8128.943,2.188e-10,3.413e-13
8133.357,2.077e-10,3.344e-13
8137.771,1.991e-10,3.295e-13
8142.185,1.920e-10,3.264e-13
8146.599,1.926e-10,3.301e-13
8151.013,1.937e-10,3.344e-13
8155.427,1.958e-10,3.388e-13
8159.841,1.998e-10,3.435e-13
8164.255,2.002e-10,3.440e-13
8168.668,2.025e-10,3.460e-13
8173.082,2.126e-10,3.539e-13
8177.495,2.110e-10,3.522e-13
8181.909,2.127e-10,3.529e-13
8186.322,2.159e-10,3.550e-13
8190.736,2.185e-10,3.563e-13
8195.149,2.212e-10,3.578e-13
8199.563,2.236e-10,3.592e-13
8203.976,2.248e-10,3.606e-13
8208.389,2.227e-10,3.604e-13
8212.802,2.202e-10,3.608e-13
8217.215,2.167e-10,3.610e-13
8221.628,2.222e-10,3.697e-13
